{"simulated_logits": [0.021075, 0.1764, 0.287325, 0.4305, 0.52395, 0.6552500000000001, 0.8528749999999999, 0.88325], "data_index": [43, 7, 45, 31, 19, 33, 16, 10], "data_points": [[4.45726, 5.7109623, 0.099595375, 0.483121, -3.6388423], [4.4465375, 2.3751311, 0.3685911, 0.5509401, -3.4760785], [4.086889, 2.846096, 0.5526298, 0.43154153, -3.664974], [3.370216, 3.9792118, 0.86953497, 0.0, -3.5432806], [3.062717, 4.7001777, 0.43242526, 0.38007924, -4.8815184], [2.095479, 4.7069173, 0.34648347, 0.53251505, -3.6999176], [1.8451471, 3.755003, 0.43264058, 0.3211095, -3.9181693], [1.9699396, 3.76881, 0.2826504, 0.41480592, -4.9668136]], "test_labels": [0.0, 0.0, 0.0, 1.0, 0.0, 0.0, 1.0, 1.0]}