{"simulated_logits": [0.115875, 0.2168, 0.365075, 0.47432500000000005, 0.620325, 0.7258500000000001, 0.870525, 0.8766999999999999], "data_index": [127, 56, 51, 12, 194, 1, 0, 90], "data_points": [[4.5616765, 3.5832138, 0.50949574, 0.012539393, -3.7868924], [4.3058057, 3.091666, 0.49092942, 0.16838199, -4.4252067], [4.029605, 3.346972, 0.5916813, 0.7914744, -4.3684044], [3.5289352, 3.3240957, 0.4191375, 0.2597783, -5.1968307], [1.786261, 1.9718108, 0.42583328, 0.5751052, -4.229205], [1.8048754, 5.353059, 0.5800206, 0.48665798, -3.8147442], [1.9586208, 4.890994, 0.6261824, 0.4458817, -5.3457627], [1.9114796, 4.3397765, 0.57574415, 0.5002163, -4.323103]], "test_labels": [0.0, 0.0, 0.0, 0.0, 1.0, 1.0, 1.0, 1.0]}