{"simulated_logits": [0.122025, 0.18214999999999998, 0.356525, 0.43035, 0.527325, 0.6779499999999999, 0.82925, 0.8834], "data_index": [186, 97, 60, 160, 81, 33, 121, 70], "data_points": [[4.4240384, 5.114542, 0.8632084, 0.46106476, -2.6373754], [5.257979, 2.7624905, 0.32868207, 0.39464235, -5.253552], [4.759242, 3.5290298, 0.23547189, 0.52750045, -5.63183], [3.5270069, 4.057323, 0.15500225, 0.4639869, -3.4895926], [3.2088325, 3.5246668, 0.1736212, 0.73245037, -3.3812766], [2.4705186, 3.1882248, 0.3590574, 0.66897386, -3.2325985], [2.5658638, 5.223504, 0.7352087, 0.41885024, -4.988534], [1.8561143, 3.5149658, 0.6796304, 0.415076, -3.7664814]], "test_labels": [0.0, 0.0, 0.0, 1.0, 1.0, 1.0, 1.0, 1.0]}