{"simulated_logits": [0.12085, 0.24680000000000002, 0.35145, 0.49297500000000005, 0.60015, 0.7276, 0.855075, 0.9000750000000001], "data_index": [193, 107, 19, 90, 0, 133, 115, 95], "data_points": [[5.4629855, 3.2434664, 0.22436574, 0.30137458, -2.8364584], [5.2329903, 3.0833945, 0.7494548, 0.2317716, -4.055406], [4.6970525, 4.497867, 0.2376135, 0.35420638, -3.7001414], [5.0139613, 5.3096676, 0.69028723, 0.50485057, -4.4446125], [3.7786303, 4.6477222, 0.49259675, 0.21217787, -4.263138], [1.7876849, 3.68179, 0.36812106, 0.70249254, -4.2494154], [2.0454032, 4.8012114, 0.51980144, 0.4770349, -3.7276225], [2.0172877, 5.150942, 0.41067648, 0.57421345, -4.009686]], "test_labels": [0.0, 0.0, 0.0, 1.0, 0.0, 1.0, 1.0, 1.0]}