{"simulated_logits": [0.23760000000000003, 0.170275, 0.366325, 0.40049999999999997, 0.572175, 0.70655, 0.845425, 0.8815500000000001], "data_index": [237, 288, 87, 232, 147, 270, 233, 462], "data_points": [[3.3113317, 2.0869057, 0.4157355, 0.7417231, -2.6238983], [4.1272116, 1.6287985, 0.56245023, 0.1581544, -3.615451], [5.7419896, 3.4383924, 0.43796793, 0.38979897, -4.0927134], [4.5218225, 3.3823535, 0.5928349, 0.39678377, -3.2619796], [3.7520132, 4.020622, 0.5631406, 0.2745339, -4.494296], [3.985471, 5.174248, 0.45988798, 0.4569821, -3.6104522], [3.2372856, 5.793803, 0.51779443, 0.5265534, -3.9411747], [3.1573732, 6.0474863, 0.5204285, 0.59180874, -3.793164]], "test_labels": [1.0, 0.0, 1.0, 0.0, 1.0, 1.0, 1.0, 1.0]}