{"simulated_logits": [0.22465, 0.2436, 0.32409999999999994, 0.470275, 0.6150249999999999, 0.73695, 0.8471249999999999, 0.8772249999999999], "data_index": [692, 148, 981, 658, 651, 226, 682, 862], "data_points": [[1.8588405, 4.424127, 0.75546885, 0.39328396, -3.6138284], [1.8555154, 4.335014, 0.83522916, 0.34963182, -3.4752092], [1.6526512, 3.7491333, 0.61718243, 0.5282125, -3.1577365], [2.275321, 3.3687992, 0.57483125, 0.2641871, -3.791875], [2.5335102, 2.5200374, 0.2849771, 0.40901154, -4.038436], [5.988282, 2.9564579, 0.69231373, 0.68075764, -3.0588963], [5.473814, 4.6303663, 0.2832447, 0.31022158, -2.9671373], [5.7479386, 4.2706685, 0.50266725, 0.7537764, -2.7701895]], "test_labels": [0.0, 0.0, 0.0, 0.0, 0.0, 1.0, 1.0, 1.0]}