{
    "params" : [1.3542637771836206, 0.9656507647422002, 1.3110988779792154, 1.2263084069126762, 0.5146139439884845, 1.1233021624872743, 1.3872689688122508, 
    1.4015943961005077, 1.365133670508128, 1.0048845635622126, 1.037741088912936, 1.0120156835938068, 0.9315406363368702, 0.8931916299172459, 
    0.9306862319216922, 1.0365341321400305, 1.0652647099985684, 1.0408674181416795, 0.6432532109239467, 0.6818043163916014],
    "latticeType" : "triangle",
    "latticeConstant" : 16.0
}