{
    "params" : [1.2376599657744949, 0.5467885059133756, 1.1596519571339137, 1.3959511434910359, 0.5723710789276163, 1.3488110494333887, 1.3949443995957986, 1.3956512326127477, 1.369126178533716, 0.9143189054483285, 0.9273808554219866, 0.9114343374103384, 1.0160727188357122, 0.9910954084153635, 1.0240917403969574, 0.9392656494741436, 0.9767481287800432, 0.9333050707370922, 0.722489587030874, 0.7603250439349555],
    "latticeType" : "triangle",
    "latticeConstant" : 16.0
}