{
    "params" : [1.231826071649537, 0.5401226438921967, 1.1506085272674889, 1.4870223103035893, 1.1983142373709335, 1.4843302265371687, 1.4533124126198245, 1.4512923322905267, 1.4412893516861005, 1.0293685754410367, 1.0461254494590486, 1.025727519156749, 0.9423218533095661, 0.9241546131874694, 0.9469167301406394, 1.0342126013166277, 1.0489166764123619, 1.0314769948761005, 0.6215349672619787, 0.6559990209043215],
    "latticeType" : "triangle",
    "latticeConstant" : 16.0
}