{
    "params" : [0.7876757103752086, 0.6460938965548488, 0.7660668227632778, 0.9219371383230396, 0.6559802440852696, 0.8993053581088116, 1.1551058819209736, 1.161602791208216, 1.156940484543561, 1.3053266335089775, 1.3041520852351427, 1.3052344011759194, 1.054362026761296, 1.0576253548606662, 1.0551637622854524, 1.3075921028398245, 1.3070336704846526, 1.3090070755051892, 1.1497365171396159, 1.1524476205711212],
    "latticeType" : "triangle",
    "latticeConstant" : 16.0
}