{
   "params" : [0.583978606853733, 0.6488044210856571, 0.5874434518143158, 0.5631487564987269, 0.600965822614465, 0.5659984863870257, 0.8240463693505927, 
   0.8073861252000544, 0.8148325272160022, 0.9432387724344907, 0.9130208665849029, 0.9277557135001974, 0.9728997905731348, 1.0471540742196557, 1.0184031171355301, 
   0.9147735869839011, 0.8280371856964456, 0.8902857903358864, 1.3564739335040206, 1.047917682721362],
   "latticeType" : "triangle",
   "latticeConstant" : 16.0
}