{
    "params" : [1.3725577133468971, 1.4838319989787725, 1.4789537579054521, 1.4393553164530057, 1.4949393829310034, 1.5044858497008482, 1.5006708645379678, 
    1.3942805431496264, 0.5026769204591264, 1.3522158047623325, 0.5701907334019178, 0.5671465928725316, 0.5528369007041798, 1.1168127386108,
    1.412684089790069, 1.3905614918756501, 0.5946104125715966, 0.6093556664524168, 0.6967052379480903, 0.7014345848992494],
    "latticeType" : "square",
    "latticeConstant" : 10.0
}